id,major_code,sort,category,name,parent_id
1,01,哲学,,,
2,0101,哲学,哲学类,,1
3,010101,哲学,哲学类,哲学,2
4,010102,哲学,哲学类,逻辑学,2
5,010103,哲学,哲学类,伦理学,2
6,010104,哲学,哲学类,宗教学,2
7,010151,哲学,哲学类,应用美学,2
8,010152,哲学,哲学类,宗教事务管理,2
9,010199,哲学,哲学类,哲学类其他专业,2
10,0102,哲学,马克思主义理论学,,1
11,010201,哲学,马克思主义理论学,马克思主义基础,10
12,010202,哲学,马克思主义理论学,国际共产主义运动,10
13,010203,哲学,马克思主义理论学,中国共产党党史,10
14,010204,哲学,马克思主义理论学,中国革命史,10
15,010205,哲学,马克思主义理论学,中国社会主义建设,10
16,010206,哲学,马克思主义理论学,科学社会主义,10
17,010299,哲学,马克思主义理论学,马克思主义理论类其他专业,10
18,02,经济学,,,
19,0201,经济学,经济学类,,18
20,020101,经济学,经济学类,经济学,19
21,020102,经济学,经济学类,国民经济管理,19
22,020103,经济学,经济学类,统计学,19
23,020104,经济学,经济学类,财政学,19
24,020105,经济学,经济学类,货币银行学,19
25,020106,经济学,经济学类,国际经济,19
26,020107,经济学,经济学类,农业经济,19
27,020108,经济学,经济学类,工业经济,19
28,020109,经济学,经济学类,贸易经济,19
29,020110,经济学,经济学类,运输经济,19
30,020111,经济学,经济学类,劳动经济,19
31,020112,经济学,经济学类,国际金融,19
32,020113,经济学,经济学类,国际贸易,19
33,020114,经济学,经济学类,税务,19
34,020115,经济学,经济学类,审计学,19
35,020116,经济学,经济学类,保险,19
36,020117,经济学,经济学类,投资经济,19
37,020118,经济学,经济学类,工商行政管理,19
38,020119,经济学,经济学类,土地管理,19
39,020151,经济学,经济学类,投资经济管理,19
40,020152,经济学,经济学类,财政学,19
41,020153,经济学,经济学类,金融,19
42,020154,经济学,经济学类,审计,19
43,020155,经济学,经济学类,统计,19
44,020156,经济学,经济学类,财产管理,19
45,020157,经济学,经济学类,证券投资与管理,19
46,020199,经济学,经济学类,经济学类其他专业,19
47,0202,经济学,工商管理学,,18
48,020201,经济学,工商管理学,企业管理,47
49,020202,经济学,工商管理学,国际企业管理,47
50,020203,经济学,工商管理学,会计学,47
51,020204,经济学,工商管理学,理财学,47
52,020205,经济学,工商管理学,市场管理,47
53,020206,经济学,工商管理学,经济信息管理,47
54,020207,经济学,工商管理学,人力资源管理,47
55,020208,经济学,工商管理学,房地产经营管理,47
56,020209,经济学,工商管理学,旅游管理,47
57,020210,经济学,工商管理学,物流管理,47
58,020211,经济学,工商管理学,海关管理,47
59,020212,经济学,工商管理学,商品学,47
60,020213,经济学,工商管理学,资产评估,47
61,020214,经济学,工商管理学,工商管理,47
62,020215,经济学,工商管理学,国际商务,47
63,020251,经济学,工商管理学,房地产经营与管理,47
64,020252,经济学,工商管理学,饭店管理,47
65,020253,经济学,工商管理学,国际市场营销,47
66,020254,经济学,工商管理学,经济信息管理与计算机应用,47
67,020255,经济学,工商管理学,会计,47
68,020256,经济学,工商管理学,企业理财,47
69,020257,经济学,工商管理学,乡镇企业管理,47
70,020258,经济学,工商管理学,经济秘书,47
71,020299,经济学,工商管理学,工商管理类其他专业,47
72,03,法学,,,
73,0301,法学,法学类,,72
74,030101,法学,法学类,法学,73
75,030102,法学,法学类,经济法,73
76,030103,法学,法学类,国际法,73
77,030104,法学,法学类,国际经济法,73
78,030105,法学,法学类,劳动改造学,73
79,030106,法学,法学类,商法,73
80,030107,法学,法学类,刑事司法,73
81,030151,法学,法学类,法律,73
82,030152,法学,法学类,行政法,73
83,030153,法学,法学类,狱政管理,73
84,030199,法学,法学类,法学类其他专业,73
85,0302,法学,社会学类,,72
86,030201,法学,社会学类,社会学,85
87,030202,法学,社会学类,人口学,85
88,030203,法学,社会学类,社会工作,85
89,030204,法学,社会学类,民族理论与民族政策,85
90,030252,法学,社会学类,社会工作与管理,85
91,030253,法学,社会学类,人口社会学与人口工作,85
92,030299,法学,社会学类,社会学类其他专业,85
93,0303,法学,政治学类,,72
94,030301,法学,政治学类,政治学类,93
95,030302,法学,政治学类,国际政治,93
96,030303,法学,政治学类,行政管理学,93
97,030304,法学,政治学类,外交学,93
98,030305,法学,政治学类,公共关系学,93
99,030351,法学,政治学类,行政管理,93
100,030352,法学,政治学类,民政管理,93
101,030353,法学,政治学类,教育行政管理,93
102,030354,法学,政治学类,乡镇建设与管理,93
103,030355,法学,政治学类,行政管理办公自动化,93
104,030399,法学,政治学类,政治学类其他专业,93
105,0304,法学,公安学类,,72
106,030401,法学,公安学类,警察管理,105
107,030402,法学,公安学类,治安管理,105
108,030403,法学,公安学类,出入境管理,105
109,030404,法学,公安学类,武警指挥,105
110,030405,法学,公安学类,边防公安,105
111,030406,法学,公安学类,侦察,105
112,030407,法学,公安学类,安全防范,105
113,030451,法学,公安学类,内卫参谋,105
114,030452,法学,公安学类,边境管理,105
115,030453,法学,公安学类,预审,105
116,030454,法学,公安学类,经济文化保卫,105
117,030499,法学,公安学类,公安学类其他专业,105
118,04,教育学,,,
119,0401,教育学,教育学类,,118
120,040101,教育学,教育学类,教育学,119
121,040102,教育学,教育学类,幼儿教育,119
122,040103,教育学,教育学类,特殊教育,119
123,040104,教育学,教育学类,教育管理,119
124,040105,教育学,教育学类,教育技术学,119
125,040199,教育学,教育学类,教育学类其他专业,119
126,0402,教育学,思想政治教育类,,118
127,040201,教育学,思想政治教育类,思想政治教育,126
128,040299,教育学,思想政治教育类,思想政治教育类其他专业,126
129,0403,教育学,体育学类,,118
130,040301,教育学,体育学类,体育教育,129
131,040302,教育学,体育学类,运动训练,129
132,040303,教育学,体育学类,体育管理,129
133,040304,教育学,体育学类,体育生物学,129
134,040305,教育学,体育学类,体育保健康复,129
135,040306,教育学,体育学类,武术,129
136,040307,教育学,体育学类,警察体育,129
137,040308,教育学,体育学类,社会体育,129
138,040399,教育学,体育学类,体育学类其他专业,129
139,0404,教育学,职业技术教育类,,118
140,040401,教育学,职业技术教育类,农艺教育,139
141,040402,教育学,职业技术教育类,园艺教育,139
142,040403,教育学,职业技术教育类,特用作物教育,139
143,040404,教育学,职业技术教育类,林木生成教育,139
144,040405,教育学,职业技术教育类,特用动物教育,139
145,040406,教育学,职业技术教育类,畜禽生产教育,139
146,040407,教育学,职业技术教育类,水产养殖教育,139
147,040408,教育学,职业技术教育类,农业机械教育,139
148,040409,教育学,职业技术教育类,农业建筑与环境控制教育,139
149,040410,教育学,职业技术教育类,农产品储运与加工教育,139
150,040411,教育学,职业技术教育类,农业经营管理教育,139
151,040412,教育学,职业技术教育类,机械制造工业教育,139
152,040413,教育学,职业技术教育类,机械维修及检测技术教育,139
153,040414,教育学,职业技术教育类,机电技术教育,139
154,040415,教育学,职业技术教育类,电气技术教育,139
155,040416,教育学,职业技术教育类,应用电子技术教育,139
156,040417,教育学,职业技术教育类,制浆造纸工艺教育,139
157,040418,教育学,职业技术教育类,印刷工艺教育,139
158,040419,教育学,职业技术教育类,橡塑制品成型工艺教育,139
159,040420,教育学,职业技术教育类,食品工艺教育,139
160,040421,教育学,职业技术教育类,纺织工艺教育,139
161,040422,教育学,职业技术教育类,染整工艺教育,139
162,040423,教育学,职业技术教育类,化工工艺教育,139
163,040424,教育学,职业技术教育类,化工分析与检测技术教育,139
164,040425,教育学,职业技术教育类,建筑材料工程教育,139
165,040426,教育学,职业技术教育类,建筑工程教育,139
166,040427,教育学,职业技术教育类,服装设计与工艺教育,139
167,040428,教育学,职业技术教育类,装潢设计与工艺教育,139
168,040429,教育学,职业技术教育类,旅游管理与服务教育,139
169,040430,教育学,职业技术教育类,食品营养与检测教育,139
170,040431,教育学,职业技术教育类,烹饪与营养教育,139
171,040432,教育学,职业技术教育类,财务会计教育,139
172,040433,教育学,职业技术教育类,文秘教育,139
173,040434,教育学,职业技术教育类,企业技术教育管理,139
174,040435,教育学,职业技术教育类,市场营销教育,139
175,040436,教育学,职业技术教育类,应用生物教育,139
176,040437,教育学,职业技术教育类,汽车维修工程教育,139
177,040451,教育学,职业技术教育类,烹饪工艺,139
178,040499,教育学,职业技术教育类,职业技术教育类其他专业,139
179,05,文学,,,
180,0501,文学,中国语言文学类,,179
181,050101,文学,中国语言文学类,汉语言文学,180
182,050102,文学,中国语言文学类,中国文学,180
183,050103,文学,中国语言文学类,汉语言,180
184,050104,文学,中国语言文学类,藏语言文学,180
185,050105,文学,中国语言文学类,蒙古语言文学,180
186,050106,文学,中国语言文学类,维吾尔语言文学,180
187,050107,文学,中国语言文学类,朝鲜语言文学,180
188,050108,文学,中国语言文学类,哈萨克语言文学,180
189,050109,文学,中国语言文学类,语言学,180
190,050110,文学,中国语言文学类,编辑学,180
191,050111,文学,中国语言文学类,古典文献,180
192,050112,文学,中国语言文学类,对外汉语,180
193,050113,文学,中国语言文学类,汉语言文学教育,180
194,050114,文学,中国语言文学类,少数民族语言文学教育,180
195,050115,文学,中国语言文学类,壮语言文学,180
196,050116,文学,中国语言文学类,彝语言文学,180
197,050117,文学,中国语言文学类,少数民族语言文学,180
198,050118,文学,中国语言文学类,西双版纳傣语,180
199,050119,文学,中国语言文学类,德宏傣语,180
200,050120,文学,中国语言文学类,彝语,180
201,050121,文学,中国语言文学类,景颇语,180
202,050122,文学,中国语言文学类,傈僳语,180
203,050123,文学,中国语言文学类,拉祜语,180
204,050124,文学,中国语言文学类,佤语,180
205,050125,文学,中国语言文学类,汉语言教育,180
206,050126,文学,中国语言文学类,维吾尔语言教育,180
207,050127,文学,中国语言文学类,哈萨克语言教育,180
208,050128,文学,中国语言文学类,壮侗语族语言文化,180
209,050151,文学,中国语言文学类,秘书,180
210,050152,文学,中国语言文学类,涉外秘书,180
211,050153,文学,中国语言文学类,群众文化,180
212,050199,文学,中国语言文学类,中国语言文学类其他专业,180
213,0502,文学,外国语言文学类,,179
214,050201,文学,外国语言文学类,英语,213
215,050202,文学,外国语言文学类,俄语,213
216,050203,文学,外国语言文学类,德语,213
217,050204,文学,外国语言文学类,法语,213
218,050205,文学,外国语言文学类,西班牙语,213
219,050206,文学,外国语言文学类,阿拉伯语,213
220,050207,文学,外国语言文学类,日语,213
221,050208,文学,外国语言文学类,波斯语,213
222,050209,文学,外国语言文学类,朝鲜语,213
223,050210,文学,外国语言文学类,菲律宾语,213
224,050211,文学,外国语言文学类,古印度语,213
225,050212,文学,外国语言文学类,印度尼西亚语,213
226,050213,文学,外国语言文学类,印地语,213
227,050214,文学,外国语言文学类,柬埔寨语,213
228,050215,文学,外国语言文学类,老挝语,213
229,050216,文学,外国语言文学类,缅甸语,213
230,050217,文学,外国语言文学类,马来语,213
231,050218,文学,外国语言文学类,蒙古语,213
232,050219,文学,外国语言文学类,僧伽罗语,213
233,050220,文学,外国语言文学类,泰语,213
234,050221,文学,外国语言文学类,乌尔都语,213
235,050222,文学,外国语言文学类,希伯来语,213
236,050223,文学,外国语言文学类,越南语,213
237,050224,文学,外国语言文学类,豪萨语,213
238,050225,文学,外国语言文学类,斯瓦希里语,213
239,050226,文学,外国语言文学类,阿尔巴尼亚语,213
240,050227,文学,外国语言文学类,保加利亚语,213
241,050228,文学,外国语言文学类,波兰语,213
242,050229,文学,外国语言文学类,捷克语,213
243,050230,文学,外国语言文学类,罗马尼亚语,213
244,050231,文学,外国语言文学类,葡萄牙语,213
245,050232,文学,外国语言文学类,瑞典语,213
246,050233,文学,外国语言文学类,塞尔维亚—克罗地亚语,213
247,050234,文学,外国语言文学类,土耳其语,213
248,050235,文学,外国语言文学类,希腊语,213
249,050236,文学,外国语言文学类,匈牙利语,213
250,050237,文学,外国语言文学类,意大利语,213
251,050238,文学,外国语言文学类,英语教育,213
252,050239,文学,外国语言文学类,俄语教育,213
253,050240,文学,外国语言文学类,日语教育,213
254,050241,文学,外国语言文学类,泰米尔语,213
255,050242,文学,外国语言文学类,普什图语,213
256,050243,文学,外国语言文学类,世界语,213
257,050244,文学,外国语言文学类,孟加拉语,213
258,050245,文学,外国语言文学类,尼泊尔语,213
259,050299,文学,外国语言文学类,外国语言文学类其他专业,213
260,0503,文学,新闻学类,,179
261,050301,文学,新闻学类,新闻学,260
262,050302,文学,新闻学类,广播电视新闻,260
263,050303,文学,新闻学类,国际新闻,260
264,050304,文学,新闻学类,广告学,260
265,050305,文学,新闻学类,播音,260
266,050306,文学,新闻学类,体育新闻,260
267,050351,文学,新闻学类,新闻,260
268,050352,文学,新闻学类,出版,260
269,050353,文学,新闻学类,广播电视管理,260
270,050354,文学,新闻学类,新闻摄影,260
271,050355,文学,新闻学类,广告与广告管理,260
272,050356,文学,新闻学类,公共关系,260
273,050399,文学,新闻学类,新闻学类其他专业,260
274,00504/0505,文学,艺术类,,179
275,050401,文学,艺术类,音乐学,274
276,050402,文学,艺术类,指挥,274
277,050403,文学,艺术类,作曲与作曲技术理论,274
278,050404,文学,艺术类,演唱,274
279,050405,文学,艺术类,键盘乐器演奏,274
280,050406,文学,艺术类,管弦（打击）乐器演奏,274
281,050407,文学,艺术类,中国乐器演奏,274
282,050408,文学,艺术类,乐器修造艺术,274
283,050409,文学,艺术类,音乐音响导演,274
284,050410,文学,艺术类,中国画,274
285,050411,文学,艺术类,油画,274
286,050412,文学,艺术类,版画,274
287,050413,文学,艺术类,壁画,274
288,050414,文学,艺术类,雕塑,274
289,050415,文学,艺术类,美术学,274
290,050416,文学,艺术类,环境艺术设计,274
291,050417,文学,艺术类,工艺美术学,274
292,050418,文学,艺术类,染织艺术设计,274
293,050419,文学,艺术类,服装艺术设计,274
294,050420,文学,艺术类,陶瓷艺术设计,274
295,050421,文学,艺术类,装潢艺术设计,274
296,050422,文学,艺术类,装饰艺术设计,274
297,050423,文学,艺术类,导演,274
298,050424,文学,艺术类,表演,274
299,050425,文学,艺术类,戏剧文学,274
300,050426,文学,艺术类,舞台设计,274
301,050427,文学,艺术类,灯光设计,274
302,050428,文学,艺术类,演出音响设计,274
303,050429,文学,艺术类,服装和化妆设计,274
304,050430,文学,艺术类,戏曲文学,274
305,050431,文学,艺术类,戏曲作曲,274
306,050432,文学,艺术类,舞蹈史与舞蹈理论,274
307,050433,文学,艺术类,舞蹈编导,274
308,050434,文学,艺术类,舞蹈教育,274
309,050435,文学,艺术类,文艺编导,274
310,050436,文学,艺术类,电视编辑,274
311,050437,文学,艺术类,电影文学,274
312,050438,文学,艺术类,电影摄影,274
313,050439,文学,艺术类,动画,274
314,050440,文学,艺术类,电影电视美术设计,274
315,050441,文学,艺术类,录音艺术,274
316,050442,文学,艺术类,文化艺术事业管理,274
317,050443,文学,艺术类,广播电视文学,274
318,050444,文学,艺术类,影像工程,274
319,050445,文学,艺术类,音乐教育,274
320,050446,文学,艺术类,美术教育,274
321,050447,文学,艺术类,影视教育,274
322,050448,文学,艺术类,特种工艺,274
323,050449,文学,艺术类,影视节目制作,274
324,050451,文学,艺术类,作曲与视唱练耳,274
325,050452,文学,艺术类,书法篆刻,274
326,050453,文学,艺术类,绘画,274
327,050454,文学,艺术类,艺术摄影,274
328,050455,文学,艺术类,电脑美术设计,274
329,050456,文学,艺术类,印染艺术设计,274
330,050457,文学,艺术类,织绣艺术设计,274
331,050458,文学,艺术类,服装设计,274
332,050459,文学,艺术类,服装工程,274
333,050460,文学,艺术类,服装展示,274
334,050461,文学,艺术类,日用陶瓷设计,274
335,050462,文学,艺术类,陶艺,274
336,050463,文学,艺术类,陶瓷雕塑,274
337,050464,文学,艺术类,广告艺术设计,274
338,050465,文学,艺术类,书刊装帧设计,274
339,050466,文学,艺术类,产品造型设计,274
340,050467,文学,艺术类,电脑图形设计,274
341,050468,文学,艺术类,展示设计,274
342,050469,文学,艺术类,室内艺术设计,274
343,050470,文学,艺术类,金工艺术设计,274
344,050471,文学,艺术类,漆艺,274
345,050472,文学,艺术类,工艺雕塑,274
346,050473,文学,艺术类,舞台技术管理,274
347,050474,文学,艺术类,舞台绘景,274
348,050475,文学,艺术类,服装与化妆设计,274
349,050476,文学,艺术类,舞台灯光,274
350,050477,文学,艺术类,音响设计,274
351,050478,文学,艺术类,公关礼仪,274
352,050479,文学,艺术类,戏曲表演,274
353,050480,文学,艺术类,京剧器乐演奏,274
354,050481,文学,艺术类,中国古典舞表演,274
355,050482,文学,艺术类,中国民间舞表演,274
356,050483,文学,艺术类,芭蕾舞表演,274
357,050484,文学,艺术类,外国代表性舞表演,274
358,050485,文学,艺术类,现代舞,274
359,050486,文学,艺术类,国际标准舞,274
360,050487,文学,艺术类,舞蹈科艺,274
361,050488,文学,艺术类,舞蹈音乐伴舞,274
362,050489,文学,艺术类,节目主持人,274
363,050490,文学,艺术类,影视广告,274
364,050491,文学,艺术类,电视摄像,274
365,050492,文学,艺术类,电视节目制作,274
366,050493,文学,艺术类,电视照明设计,274
367,050494,文学,艺术类,影视化妆,274
368,050495,文学,艺术类,图片摄影,274
369,050496,文学,艺术类,电影表演,274
370,050497,文学,艺术类,影视美术,274
371,050498,文学,艺术类,影视剪辑,274
372,050551,文学,艺术类,影视制片管理,274
373,050552,文学,艺术类,影视发行管理,274
374,050553,文学,艺术类,戏剧教育,274
375,050554,文学,艺术类,工艺美术教育,274
376,050555,文学,艺术类,影视电化教育,274
377,050599,文学,艺术类,艺术类其他专业,274
378,06,历史学,,,
379,0601,历史学,历史学类,,378
380,060101,历史学,历史学类,历史学,379
381,060102,历史学,历史学类,中国历史,379
382,060103,历史学,历史学类,世界历史,379
383,060104,历史学,历史学类,考古学,379
384,060105,历史学,历史学类,博物馆学,379
385,060106,历史学,历史学类,人类学,379
386,060107,历史学,历史学类,民族学,379
387,060108,历史学,历史学类,历史学教育,379
388,060109,历史学,历史学类,民族史,379
389,060110,历史学,历史学类,藏学,379
390,060151,历史学,历史学类,历史,379
391,060152,历史学,历史学类,国际事务,379
392,060153,历史学,历史学类,台港澳侨事务,379
393,060154,历史学,历史学类,民族历史文化,379
394,060155,历史学,历史学类,考古技术,379
395,060156,历史学,历史学类,文物,379
396,060157,历史学,历史学类,博物馆,379
397,060158,历史学,历史学类,历史与文化旅游,379
398,060199,历史学,历史学类,历史学类其他专业,379
399,0602,历史学,图书信息档案学类,,378
400,060201,历史学,图书信息档案学类,图书馆学,399
401,060202,历史学,图书信息档案学类,信息学,399
402,060203,历史学,图书信息档案学类,档案学,399
403,060204,历史学,图书信息档案学类,科技档案,399
404,060205,历史学,图书信息档案学类,图书出版社发行学,399
405,060251,历史学,图书信息档案学类,图书馆管理,399
406,060252,历史学,图书信息档案学类,社会科学情报管理,399
407,060253,历史学,图书信息档案学类,档案管理,399
408,060254,历史学,图书信息档案学类,文献保护技术,399
409,060255,历史学,图书信息档案学类,情报产业管理,399
410,060256,历史学,图书信息档案学类,图书出版发行管理,399
411,060299,历史学,图书信息档案学类,图书信息档案学类其他专业,399
412,07,理学,,,
413,0701,理学,数学类,,412
414,070101,理学,数学类,数学,413
415,070102,理学,数学类,应用数学,413
416,070103,理学,数学类,计算数学及其应用软件,413
417,070104,理学,数学类,统计与概率,413
418,070105,理学,数学类,运筹学,413
419,070106,理学,数学类,控制科学,413
420,070107,理学,数学类,信息科学,413
421,070108,理学,数学类,数学教育,413
422,070199,理学,数学类,数学类其他专业,413
423,0702,理学,物理学类,,412
424,070201,理学,物理学类,物理学,423
425,070202,理学,物理学类,应用物理学,423
426,070203,理学,物理学类,原子核物理学及核技术,423
427,070204,理学,物理学类,物理学教育,423
428,070299,理学,物理学类,物理学类其他专业,423
429,0703,理学,化学类,,412
430,070301,理学,化学类,化学,429
431,070302,理学,化学类,应用化学,429
432,070303,理学,化学类,化学教育,429
433,070304,理学,化学类,化学物理,429
434,070399,理学,化学类,化学类其他专业,429
435,0704,理学,生物科学类,,412
436,070401,理学,生物科学类,生物学,435
437,070402,理学,生物科学类,生物化学,435
438,070403,理学,生物科学类,微生物学,435
439,070404,理学,生物科学类,生物技术,435
440,070405,理学,生物科学类,生物学教育,435
441,070406,理学,生物科学类,生物科学与技术,435
442,070408,理学,生物科学类,病毒学,435
443,070499,理学,生物科学类,生物科学类其他专业,435
444,0705,理学,天文学类,,412
445,070501,理学,天文学类,天文学,444
446,070599,理学,天文学类,天文学类其他专业,444
447,0706,理学,地质学类,,444
448,070601,理学,地质学类,地质学,444
449,070602,理学,地质学类,构造地质学,444
450,070603,理学,地质学类,古生物学及地质学,444
451,070604,理学,地质学类,地球化学,444
452,070605,理学,地质学类,地震地质学,444
453,070699,理学,地质学类,地质学类其他专业,444
454,0707,理学,地理科学类,,412
455,070701,理学,地理科学类,地理学,454
456,070702,理学,地理科学类,地貌学与第四纪地质学,454
457,070703,理学,地理科学类,资源环境区划与管理,454
458,070704,理学,地理科学类,经济地理学与城乡区域规划,454
459,070705,理学,地理科学类,地理信息系统与地图学,454
460,070706,理学,地理科学类,地理学教育,454
461,070799,理学,地理科学类,地理科学类其他专业,454
462,0708,理学,地球物理学类,,412
463,070801,理学,地球物理学类,地球物理学,462
464,070802,理学,地球物理学类,空间物理学,462
465,070899,理学,地球物理学类,地球物理学类其他专业,462
466,0709,理学,大气科学类,,412
467,070901,理学,大气科学类,气象学,466
468,070902,理学,大气科学类,气候学,466
469,070903,理学,大气科学类,大气物理学与大气环境,466
470,070904,理学,大气科学类,农业气象,466
471,070905,理学,大气科学类,大气科学,466
472,070999,理学,大气科学类,大气科学类其他专业,466
473,0710,理学,海洋科学类,,412
474,071001,理学,海洋科学类,海洋学,473
475,071002,理学,海洋科学类,海洋物理学,473
476,071003,理学,海洋科学类,海洋化学,473
477,071004,理学,海洋科学类,海洋生物学,473
478,071099,理学,海洋科学类,海洋科学类其他专业,473
479,0711,理学,力学类,,412
480,071101,理学,力学类,理论与应用力学,479
481,071199,理学,力学类,力学类其他专业,479
482,0712,理学,信息与电子科学类,,412
483,071201,理学,信息与电子科学类,无线电物理学,482
484,071202,理学,信息与电子科学类,电子学与信息系统,482
485,071203,理学,信息与电子科学类,微电子学,482
486,071204,理学,信息与电子科学类,应用光学,482
487,071205,理学,信息与电子科学类,声学,482
488,071206,理学,信息与电子科学类,信息与电子科学,482
489,071299,理学,信息与电子科学类,信息与电子科学类其他专业,482
490,0713,理学,材料科学类,,412
491,071301,理学,材料科学类,材料物理,490
492,071302,理学,材料科学类,材料化学,490
493,071303,理学,材料科学类,矿物岩石材料,490
494,071399,理学,材料科学类,材料科学类其他专业,490
495,0714,理学,环境科学类,,412
496,071401,理学,环境科学类,环境学,495
497,071402,理学,环境科学类,生态学,495
498,071499,理学,环境科学类,环境科学类其他专业,495
499,0715,理学,心理学类,,412
500,071501,理学,心理学类,心理学,499
501,071502,理学,心理学类,应用心理学,499
502,071599,理学,心理学类,心理学类其他专业,499
503,0716,理学,科技信息与管理类,,412
504,071601,理学,科技信息与管理类,管理科学,503
505,071602,理学,科技信息与管理类,科技信息与管理类,503
506,071603,理学,科技信息与管理类,系统理论,503
507,071699,理学,科技信息与管理类,科技信息与管理类其他专业,503
508,08,工学,,,
509,0801,工学,地矿类,,508
510,080101,工学,地矿类,地质矿产勘查,509
511,080102,工学,地矿类,石油与天然气地质勘察,509
512,080103,工学,地矿类,水文地质与工程地质,509
513,080104,工学,地矿类,应用地球化学,509
514,080105,工学,地矿类,应用地球物理,509
515,80106,工学,地矿类,采矿工程,509
516,080107,工学,地矿类,矿山通风与安全,509
517,080108,工学,地矿类,勘查工程,509
518,080109,工学,地矿类,矿井建设,509
519,080110,工学,地矿类,石油工程,509
520,080111,工学,地矿类,选矿工程,509
521,080112,工学,地矿类,地质工程,509
522,080113,工学,地矿类,矿物加工工程,509
523,080151,工学,地矿类,区域地质调查及矿产普查,509
524,080152,工学,地矿类,地质矿产勘查技术,509
525,080153,工学,地矿类,石油与天然气地质勘察技术,509
526,080154,工学,地矿类,煤田地质勘查技术,509
527,080155,工学,地矿类,水文地质与工程地质勘查技术,509
528,080156,工学,地矿类,矿山地质,509
529,080157,工学,地矿类,岩矿鉴定,509
530,080158,工学,地矿类,地球化学勘查技术,509
531,080159,工学,地矿类,地球物理勘查技术,509
532,080160,工学,地矿类,地球物理测井,509
533,080161,工学,地矿类,钻探技术及掘进技术,509
534,080162,工学,地矿类,采矿技术,509
535,080163,工学,地矿类,露天采矿技术,509
536,080164,工学,地矿类,石油与天然气开采,509
537,080165,工学,地矿类,钻井技术,509
538,080166,工学,地矿类,矿山运输,509
539,080167,工学,地矿类,矿井通风与安全技术,509
540,080168,工学,地矿类,矿山测量,509
541,080169,工学,地矿类,选矿技术,509
542,080170,工学,地矿类,油气藏分析技术,509
543,080171,工学,地矿类,油田化学应用技术,509
544,080199,工学,地矿类,地矿类其他专业,509
545,0802,工学,材料类,,508
546,080201,工学,材料类,钢铁冶金,545
547,080202,工学,材料类,有色金属冶金,545
548,080203,工学,材料类,冶金物理化学,545
549,080204,工学,材料类,金属材料与热处理,545
550,080205,工学,材料类,金属压力加工,545
551,080206,工学,材料类,无机非金属材料,545
552,080207,工学,材料类,硝酸盐工程,545
553,080208,工学,材料类,高分子材料与工程,545
554,080209,工学,材料类,粉末冶金,545
555,080210,工学,材料类,复合材料,545
556,080211,工学,材料类,腐蚀与防护,545
557,080212,工学,材料类,材料科学与工程,545
558,080213,工学,材料类,冶金,545
559,080251,工学,材料类,炼铁,545
560,080252,工学,材料类,炼钢,545
561,080253,工学,材料类,黑色金属电冶金,545
562,080254,工学,材料类,金属材料应用与热处理工艺,545
563,080255,工学,材料类,无机非金属材料工艺及制品,545
564,080256,工学,材料类,硅酸盐工艺,545
565,080257,工学,材料类,高分子材料加工,545
566,080258,工学,材料类,涂装防护工艺,545
567,080259,工学,材料类,复合材料制品工艺,545
568,080260,工学,材料类,再生资源加工工艺,545
569,080299,工学,材料类,材料类其他专业,545
570,0803,材料类,机械类,,508
571,080301,材料类,机械类,机械制造工艺及设备,570
572,080302,材料类,机械类,热加工工艺及设备,570
573,080303,材料类,机械类,铸造,570
574,080304,材料类,机械类,塑性成型工艺及设备,570
575,080305,材料类,机械类,焊接工艺及设备,570
576,080306,材料类,机械类,机械设计及制造,570
577,080307,材料类,机械类,化工设备及机械,570
578,080308,材料类,机械类,船舶工程,570
579,080309,材料类,机械类,汽车与拖拉机,570
580,080310,材料类,机械类,机车车辆工程,570
581,080311,材料类,机械类,热力发动机,570
582,080312,材料类,机械类,流体传动及控制,570
583,080313,材料类,机械类,流体机械及流体工程,570
584,080314,材料类,机械类,真空技术及设备,570
585,080315,材料类,机械类,机械电子工程,570
586,080316,材料类,机械类,工业设计,570
587,080317,材料类,机械类,设备工程与管理,570
588,080318,材料类,机械类,机械工程及自动化,570
589,080319,材料类,机械类,热能工程与动力机械,570
590,080351,材料类,机械类,机械制造工艺及设备,570
591,080352,材料类,机械类,模具设计与制造,570
592,080353,材料类,机械类,铸造工艺及设备,570
593,080354,材料类,机械类,锻压工艺及设备,570
594,080355,材料类,机械类,内燃机制造与维修,570
595,080356,材料类,机械类,汽车、拖拉机,570
596,080357,材料类,机械类,船舶制造与维修,570
597,080358,材料类,机械类,船舶机械制造与维修,570
598,080359,材料类,机械类,铁道车辆制造与维修,570
599,080360,材料类,机械类,农业机械制造与维修,570
600,080361,材料类,机械类,轻工机械制造与维修,570
601,080362,材料类,机械类,印刷机械制造与维修,570
602,080363,材料类,机械类,化工机械制造与维修,570
603,080364,材料类,机械类,高分子材料加工制造与维修,570
604,080365,材料类,机械类,纺织机械制造与维修,570
605,080366,材料类,机械类,精密医疗机械制造与维修,570
606,080367,材料类,机械类,电子精密机械制造与维修,570
607,080368,材料类,机械类,工程机械制造与维修,570
608,080369,材料类,机械类,矿业机械制造与维修,570
609,080370,材料类,机械类,冶金机械制造与维修,570
610,080371,材料类,机械类,建材机械制造与维修,570
611,080372,材料类,机械类,机械设备及自动化,570
612,080373,材料类,机械类,飞机及发动机维修,570
613,080374,材料类,机械类,制药机械制造与维修,570
614,080375,材料类,机械类,液压技术应用,570
615,080376,材料类,机械类,粮仓机械与设备,570
616,080399,材料类,机械类,机械类其他专业,570
617,0804,材料类,仪器仪表类,,508
618,080401,材料类,仪器仪表类,精密仪器,617
619,080402,材料类,仪器仪表类,光学技术与光电仪器,617
620,080403,材料类,仪器仪表类,检测技术与仪器仪表,617
621,080404,材料类,仪器仪表类,电子仪器及测量技术,617
622,080405,材料类,仪器仪表类,几何量计量测试,617
623,080406,材料类,仪器仪表类,热工计量测试,617
624,080407,材料类,仪器仪表类,力学计量测试,617
625,080408,材料类,仪器仪表类,光学计量测试,617
626,080409,材料类,仪器仪表类,无线电计量测试,617
627,080410,材料类,仪器仪表类,检测技术与精密仪器,617
628,080411,材料类,仪器仪表类,测控技术与仪器,617
629,080451,材料类,仪器仪表类,自动化仪表与应用,617
630,080452,材料类,仪器仪表类,计量测试技术,617
631,080453,材料类,仪器仪表类,检测技术与应用,617
632,080454,材料类,仪器仪表类,热工检测与控制技术,617
633,080455,材料类,仪器仪表类,光学仪器制造与维修,617
634,080456,材料类,仪器仪表类,电磁测量技术及仪表,617
635,080457,材料类,仪器仪表类,电子测量技术及仪表,617
636,080458,材料类,仪器仪表类,医用电子仪器,617
637,080459,材料类,仪器仪表类,医用放射线设备,617
638,080499,材料类,仪器仪表类,仪器仪表类其他专业,617
639,0805,材料类,热能核能类,,508
640,080501,材料类,热能核能类,热能工程,639
641,080502,材料类,热能核能类,制冷与低温技术,639
642,080503,材料类,热能核能类,核技术,639
643,080504,材料类,热能核能类,核工程,639
644,080505,材料类,热能核能类,工程物理,639
645,080506,材料类,热能核能类,能源工程,639
646,080507,材料类,热能核能类,工程热物理,639
647,080551,材料类,热能核能类,工业炉与热能利用,639
648,080552,材料类,热能核能类,电厂热能动力,639
649,080553,材料类,热能核能类,火电厂集控运行,639
650,080554,材料类,热能核能类,制冷与冷藏技术,639
651,080555,材料类,热能核能类,核反应堆与核电站运行,639
652,080556,材料类,热能核能类,核技术应用,639
653,080557,材料类,热能核能类,辐射防护与监测,639
654,080599,材料类,热能核能类,热能核能类其他专业,639
655,0806,材料类,电工类,,508
656,080601,材料类,电工类,电机电器及其控制,655
657,080602,材料类,电工类,电力系统及其自动化,655
658,080603,材料类,电工类,高电压与绝缘技术,655
659,080604,材料类,电工类,工业自动化,655
660,080605,材料类,电工类,电气技术,655
661,080606,材料类,电工类,电气工程及其自动化,655
662,080607,材料类,电工类,自动化,655
663,080651,材料类,电工类,电机制造与运行,655
664,080652,材料类,电工类,电器制造,655
665,080653,材料类,电工类,电机与电器,655
666,080654,材料类,电工类,电线电缆,655
667,080655,材料类,电工类,发电厂及电力系统,655
668,080656,材料类,电工类,电力系统继电保护,655
669,080657,材料类,电工类,电网监控技术,655
670,080658,材料类,电工类,输电线路工程,655
671,080659,材料类,电工类,供用电技术,655
672,080660,材料类,电工类,工业电器自动化技术,655
673,080661,材料类,电工类,生产过程自动化技术,655
674,080662,材料类,电工类,电力机车,655
675,080663,材料类,电工类,小型水电站及其电力网,655
676,080699,材料类,电工类,电工类其他专业,655
677,0807,材料类,电子与信息类,,508
678,080701,材料类,电子与信息类,电子材料与元器件,677
679,080702,材料类,电子与信息类,微电子技术,677
680,080703,材料类,电子与信息类,电子工程,677
681,080704,材料类,电子与信息类,应用电子技术,677
682,080705,材料类,电子与信息类,信息工程,677
683,080706,材料类,电子与信息类,电磁场与微波技术,677
684,080707,材料类,电子与信息类,物理电子技术,677
685,080708,材料类,电子与信息类,光电子技术,677
686,080709,材料类,电子与信息类,计算机及应用,677
687,080710,材料类,电子与信息类,计算机软件,677
688,080711,材料类,电子与信息类,自动控制,677
689,080712,材料类,电子与信息类,通信工程,677
690,080713,材料类,电子与信息类,生物医学工程,677
691,080714,材料类,电子与信息类,计算机科学教育,677
692,080715,材料类,电子与信息类,广播电视工程,677
693,080716,材料类,电子与信息类,电子信息工程,677
694,080717,材料类,电子与信息类,软件工程,677
695,080718,材料类,电子与信息类,光源与照明,677
696,080719,材料类,电子与信息类,计算机器件及设备,677
697,080720,材料类,电子与信息类,无线电技术与信息系统,677
698,080721,材料类,电子与信息类,物理电子和光电子技术,677
699,080722,材料类,电子与信息类,计算机科学与技术,677
700,080723,材料类,电子与信息类,电子与信息技术,677
701,080724,材料类,电子与信息类,计算机通信,677
702,080751,材料类,电子与信息类,电子元器件制造及应用,677
703,080752,材料类,电子与信息类,半导体器件制造及应用,677
704,080753,材料类,电子与信息类,磁性元器件制造及应用,677
705,080754,材料类,电子与信息类,真空电子技术,677
706,080755,材料类,电子与信息类,无线电技术,677
707,080756,材料类,电子与信息类,电子设备结构设计与工艺,677
708,080757,材料类,电子与信息类,电子设备维修,677
709,080758,材料类,电子与信息类,计算机应用与维护,677
710,080759,材料类,电子与信息类,办公自动化设备运行与维修,677
711,080760,材料类,电子与信息类,机床数控技术,677
712,080761,材料类,电子与信息类,通信线路,677
713,080762,材料类,电子与信息类,光纤通信,677
714,080763,材料类,电子与信息类,程控交换技术,677
715,080764,材料类,电子与信息类,数字微波通信,677
716,080765,材料类,电子与信息类,电报与传真,677
717,080766,材料类,电子与信息类,通信技术,677
718,080767,材料类,电子与信息类,移动通信,677
719,080768,材料类,电子与信息类,卫星通信,677
720,080769,材料类,电子与信息类,信息技术设备运用与维护,677
721,080799,材料类,电子与信息类,电子与信息技术类其他专业,677
722,0808,材料类,土建类,,508
723,080801,材料类,土建类,建筑学,722
724,080802,材料类,土建类,城市规划,722
725,080803,材料类,土建类,建筑工程,722
726,080804,材料类,土建类,城镇建设,722
727,080805,材料类,土建类,交通土建工程,722
728,080806,材料类,土建类,供热通风与空调工程,722
729,080807,材料类,土建类,城市燃气工程,722
730,080808,材料类,土建类,给水排水工程,722
731,080809,材料类,土建类,工业设备安装工程,722
732,080810,材料类,土建类,饭店工程,722
733,080811,材料类,土建类,涉外建筑工程,722
734,080812,材料类,土建类,水木工程,722
735,080813,材料类,土建类,供热空调与燃气工程,722
736,080851,材料类,土建类,建筑设计,722
737,080852,材料类,土建类,城乡规划,722
738,080853,材料类,土建类,建筑装饰技术,722
739,080854,材料类,土建类,房屋建筑工程,722
740,080855,材料类,土建类,公路与城市道路工程,722
741,080856,材料类,土建类,铁道与桥梁工程,722
742,080857,材料类,土建类,隧道与地下工程,722
743,080858,材料类,土建类,给水与排水工程,722
744,080859,材料类,土建类,建筑材料检验与制品工艺,722
745,080860,材料类,土建类,房屋设备安装,722
746,080861,材料类,土建类,电器维检技术,722
747,080899,材料类,土建类,土建类其他专业,722
748,0809,材料类,水利类,,508
749,080901,材料类,水利类,水文与水资源利用,748
750,080902,材料类,水利类,水利水电建筑工程,748
751,080903,材料类,水利类,水利水电动力工程,748
752,080904,材料类,水利类,港口航道及治河工程,748
753,080905,材料类,水利类,海岸与海洋工程,748
754,080906,材料类,水利类,水利水电工程,748
755,080951,材料类,水利类,水资源与水文,748
756,080952,材料类,水利类,水利工程,748
757,080953,材料类,水利类,水电站动力设备,748
758,080954,材料类,水利类,排灌站机电设备,748
759,080955,材料类,水利类,水利工程运行与维护,748
760,080956,材料类,水利类,港口水工建设,748
761,080957,材料类,水利类,航道工程,748
762,080999,材料类,水利类,水利类其他专业,748
763,0810,材料类,测绘类,,508
764,081001,材料类,测绘类,大地测量,763
765,081002,材料类,测绘类,测量工程,763
766,081003,材料类,测绘类,摄影测量与遥感,763
767,081004,材料类,测绘类,地图学,763
768,081005,材料类,测绘类,地理信息系统与地图,763
769,081051,材料类,测绘类,工程测量,763
770,081052,材料类,测绘类,航空摄影测量,763
771,081053,材料类,测绘类,地图制图,763
772,081054,材料类,测绘类,地籍测量与土地管理,763
773,081099,材料类,测绘类,测绘类其他专业,763
774,0811,材料类,环境类,,508
775,081101,材料类,环境类,环境工程,774
776,081102,材料类,环境类,环境监测,774
777,081103,材料类,环境类,环境规划与管理,774
778,081151,材料类,环境类,环境治理工程,774
779,081152,材料类,环境类,环境保护,774
780,081199,材料类,环境类,环境类其他专业,774
781,0812,材料类,化工与制药类,,508
782,081201,材料类,化工与制药类,化学工程,781
783,081202,材料类,化工与制药类,化工工艺,781
784,801203,材料类,化工与制药类,高分子工艺,781
785,081204,材料类,化工与制药类,精细化工,781
786,081205,材料类,化工与制药类,生物化工,781
787,081206,材料类,化工与制药类,工业分析,781
788,081207,材料类,化工与制药类,电化学工程,781
789,081208,材料类,化工与制药类,工业催化,781
790,081209,材料类,化工与制药类,化学制药,781
791,081210,材料类,化工与制药类,生物制药,781
792,081211,材料类,化工与制药类,微生物制药,781
793,081212,材料类,化工与制药类,药物制剂,781
794,081213,材料类,化工与制药类,中药制药,781
795,081214,材料类,化工与制药类,化学工程与工艺,781
796,081215,材料类,化工与制药类,高分子材料及化工,781
797,081216,材料类,化工与制药类,生物化学工程,781
798,081251,材料类,化工与制药类,无机化工工艺,781
799,081252,材料类,化工与制药类,有机化工工艺,781
800,081253,材料类,化工与制药类,高分子化工工艺,781
801,081254,材料类,化工与制药类,煤化工工艺,781
802,081255,材料类,化工与制药类,石油化工工艺,781
803,081256,材料类,化工与制药类,核化工工艺,781
804,081257,材料类,化工与制药类,精细化工工艺,781
805,081258,材料类,化工与制药类,工业分析技术,781
806,081259,材料类,化工与制药类,电厂燃料及工质分析,781
807,081260,材料类,化工与制药类,电镀工艺,781
808,081261,材料类,化工与制药类,化学制药工艺,781
809,081262,材料类,化工与制药类,微生物制药工艺,781
810,081263,材料类,化工与制药类,药物制剂工艺,781
811,081264,材料类,化工与制药类,中药制药工艺,781
812,081265,材料类,化工与制药类,生化制药工艺,781
813,081299,材料类,化工与制药类,化工与制药类其他专业,781
814,0813,材料类,轻工粮食食品类,,508
815,081301,材料类,轻工粮食食品类,制糖工程,814
816,081302,材料类,轻工粮食食品类,皮革工程,814
817,081303,材料类,轻工粮食食品类,制浆造纸工程,814
818,081304,材料类,轻工粮食食品类,印刷工程,814
819,081305,材料类,轻工粮食食品类,粮食工程,814
820,081306,材料类,轻工粮食食品类,油脂工程,814
821,081307,材料类,轻工粮食食品类,食品科学与工程,814
822,081308,材料类,轻工粮食食品类,发酵工程,814
823,081309,材料类,轻工粮食食品类,包装工程,814
824,081310,材料类,轻工粮食食品类,烟草工程,814
825,081311,材料类,轻工粮食食品类,食品卫生与检验,814
826,081312,材料类,轻工粮食食品类,棉花加工与检验,814
827,081313,材料类,轻工粮食食品类,粮油储藏,814
828,081351,材料类,轻工粮食食品类,制糖工艺,814
829,081352,材料类,轻工粮食食品类,制浆造纸工艺,814
830,081353,材料类,轻工粮食食品类,皮革工艺,814
831,081354,材料类,轻工粮食食品类,皮革制品,814
832,081355,材料类,轻工粮食食品类,烟草工艺,814
833,081356,材料类,轻工粮食食品类,香料香精工艺,814
834,081357,材料类,轻工粮食食品类,制盐工艺,814
835,081358,材料类,轻工粮食食品类,玩具设计与制造,814
836,081359,材料类,轻工粮食食品类,家具设计与制造,814
837,081360,材料类,轻工粮食食品类,粮食加工,814
838,081361,材料类,轻工粮食食品类,饲料加工,814
839,081362,材料类,轻工粮食食品类,油脂加工工艺,814
840,081363,材料类,轻工粮食食品类,食品工艺,814
841,081364,材料类,轻工粮食食品类,乳品工艺,814
842,081365,材料类,轻工粮食食品类,发酵工艺,814
843,081366,材料类,轻工粮食食品类,食品检验,814
844,081367,材料类,轻工粮食食品类,包装技术,814
845,081399,材料类,轻工粮食食品类,轻工粮食食品类其他专业,814
846,0814,材料类,农业工程类,,508
847,081401,材料类,农业工程类,农业机械化,846
848,081402,材料类,农业工程类,农业建筑与环境工程,846
849,081403,材料类,农业工程类,农业电气化自动化,846
850,081404,材料类,农业工程类,农业水利工程,846
851,081405,材料类,农业工程类,土地规划与利用,846
852,081406,材料类,农业工程类,农村能源开发与利用,846
853,081407,材料类,农业工程类,农产品贮运与加工,846
854,081408,材料类,农业工程类,水产品贮藏与加工,846
855,081409,材料类,农业工程类,冷冻冷藏工程,846
856,081451,材料类,农业工程类,农业生产资料监测与经营,846
857,081452,材料类,农业工程类,农畜产品储运与加工,846
858,081453,材料类,农业工程类,农村机电工程,846
859,081454,材料类,农业工程类,农村建筑,846
860,081499,材料类,农业工程类,农业工程类其他专业,846
861,0815,材料类,林业工程类,,508
862,081501,材料类,林业工程类,森林工程,861
863,081502,材料类,林业工程类,林业与木工机械,861
864,081503,材料类,林业工程类,木材加工,861
865,081504,材料类,林业工程类,林产化工,861
866,081505,材料类,林业工程类,室内与家具设计,861
867,081599,材料类,林业工程类,林业工程类其他专业,861
868,0816,材料类,纺织类,,508
869,081601,材料类,纺织类,纺织工程,868
870,081602,材料类,纺织类,丝绸工程,868
871,081603,材料类,纺织类,针织工程,868
872,081604,材料类,纺织类,染整工程,868
873,081605,材料类,纺织类,纺织材料及纺织品设计,868
874,081606,材料类,纺织类,服装,868
875,081651,材料类,纺织类,纺织工艺,868
876,081652,材料类,纺织类,纺纱工艺,868
877,081653,材料类,纺织类,机织工艺,868
878,081654,材料类,纺织类,制丝工艺,868
879,081655,材料类,纺织类,丝织工艺,868
880,081656,材料类,纺织类,针织工艺,868
881,081657,材料类,纺织类,染整工艺,868
882,081658,材料类,纺织类,化纤工艺,868
883,081659,材料类,纺织类,纺织品设计,868
884,081660,材料类,纺织类,服装工艺,868
885,081699,材料类,纺织类,纺织类其他专业,868
886,0817,材料类,交通运输类,,508
887,081701,材料类,交通运输类,交通运输,886
888,081702,材料类,交通运输类,载运工具运用工具,886
889,081703,材料类,交通运输类,交通工程,886
890,081704,材料类,交通运输类,海洋船舶驾驶,886
891,081705,材料类,交通运输类,轮机管理,886
892,081706,材料类,交通运输类,飞机驾驶,886
893,081707,材料类,交通运输类,石油天然气储运工程,886
894,081708,材料类,交通运输类,总图设计与运输工程,886
895,081751,材料类,交通运输类,内河船舶驾驶,886
896,081752,材料类,交通运输类,船舶电气管理,886
897,081753,材料类,交通运输类,船舶通信与导航,886
898,081754,材料类,交通运输类,船舶管事,886
899,081755,材料类,交通运输类,航政管理,886
900,081756,材料类,交通运输类,铁道运输,886
901,081757,材料类,交通运输类,铁道信号,886
902,081758,材料类,交通运输类,汽车运用技术,886
903,081759,材料类,交通运输类,通用航空飞机驾驶,886
904,081760,材料类,交通运输类,直升机驾驶,886
905,081761,材料类,交通运输类,民航运输,886
906,081762,材料类,交通运输类,航行管制,886
907,081763,材料类,交通运输类,管道运输,886
908,081799,材料类,交通运输类,交通运输类其他专业,886
909,0818,材料类,航空航天类,,508
910,081801,材料类,航空航天类,航空飞行器设计,909
911,081802,材料类,航空航天类,空间飞行器设计,909
912,081803,材料类,航空航天类,飞行器强度与实验技术,909
913,081804,材料类,航空航天类,飞行器动力工程,909
914,081805,材料类,航空航天类,飞行器制造工程,909
915,081806,材料类,航空航天类,飞行器制导与控制,909
916,081807,材料类,航空航天类,火箭导弹发射技术与设备,909
917,081808,材料类,航空航天类,飞行器环境控制与安全救生,909
918,081851,材料类,航空航天类,火箭导弹发射设备制造工程,909
919,081852,材料类,航空航天类,火箭发动机制造工程,909
920,081853,材料类,航空航天类,航天器环境试验工程,909
921,081899,材料类,航空航天类,航空航天类其他专业,909
922,0819,材料类,兵器类,,508
923,081901,材料类,兵器类,火炮与自动武器,922
924,081902,材料类,兵器类,火箭武器,922
925,081903,材料类,兵器类,弹药工程,922
926,081904,材料类,兵器类,弹道工程,922
927,081905,材料类,兵器类,鱼雷水雷工程,922
928,081906,材料类,兵器类,火控与指挥系统工程,922
929,081907,材料类,兵器类,火炸药,922
930,081908,材料类,兵器类,引信技术,922
931,081909,材料类,兵器类,爆炸技术及应用,922
932,081910,材料类,兵器类,火工与烟火技术,922
933,081911,材料类,兵器类,军用车辆工程,922
934,081951,材料类,兵器类,军工测试技术与军用,922
935,081952,材料类,兵器类,夜视仪器制造与检测,922
936,081953,材料类,兵器类,光电与光学检测技术,922
937,081954,材料类,兵器类,火药制造工程,922
938,081955,材料类,兵器类,炸药制药工程,922
939,081956,材料类,兵器类,火炮与自动武器制造工程,922
940,081957,材料类,兵器类,弹药装药技术,922
941,081958,材料类,兵器类,引信设计与制造,922
942,081999,材料类,兵器类,兵器类其他专业,922
943,0820,材料类,公安技术类,,508
944,082001,材料类,公安技术类,防火工程,943
945,082002,材料类,公安技术类,灭火技术,943
946,082003,材料类,公安技术类,火灾原因技术鉴定,943
947,082004,材料类,公安技术类,道路交通管理工程,943
948,082005,材料类,公安技术类,道路交通事故防治工程,943
949,082006,材料类,公安技术类,痕迹检验,943
950,082007,材料类,公安技术类,文件鉴定,943
951,082008,材料类,公安技术类,法化学,943
952,082009,材料类,公安技术类,公共安全图像技术,943
953,082051,材料类,公安技术类,刑事技术,943
954,082052,材料类,公安技术类,公安信息管理,943
955,082053,材料类,公安技术类,灭火指挥,943
956,082054,材料类,公安技术类,防火管理,943
957,082099,材料类,公安技术类,公安技术类其他专业,943
958,0821,材料类,工程力学类,,508
959,082101,材料类,工程力学类,工程力学,958
960,082102,材料类,工程力学类,空气动力学与飞行力学,958
961,082199,材料类,工程力学类,工程力学类其他专业,958
962,0822,材料类,管理工程类,,508
963,082201,材料类,管理工程类,管理工程,962
964,082202,材料类,管理工程类,技术经济,962
965,082203,材料类,管理工程类,管理信息系统,962
966,082204,材料类,管理工程类,工业外贸,962
967,082205,材料类,管理工程类,系统工程,962
968,082206,材料类,管理工程类,安全工程,962
969,082207,材料类,管理工程类,工业工程,962
970,082208,材料类,管理工程类,涉外建筑工程营造与管理,962
971,082209,材料类,管理工程类,宾馆管理,962
972,082210,材料类,管理工程类,国际工程管理,962
973,082211,材料类,管理工程类,邮政通信管理,962
974,082251,材料类,管理工程类,工业企业管理,962
975,082252,材料类,管理工程类,工业企业生产管理,962
976,082253,材料类,管理工程类,工业企业设备管理,962
977,082254,材料类,管理工程类,工业企业物资管理,962
978,082255,材料类,管理工程类,工业企业质量管理,962
979,082256,材料类,管理工程类,工业企业经营管理,962
980,082257,材料类,管理工程类,科技情报管理,962
981,082258,材料类,管理工程类,安全技术管理,962
982,082259,材料类,管理工程类,交通运输管理,962
983,082260,材料类,管理工程类,邮电企业管理,962
984,082261,材料类,管理工程类,工程造价管理,962
985,082262,材料类,管理工程类,交通管理,962
986,082299,材料类,管理工程类,管理工程类其他专业,962
987,09,农学,,,
988,0901,农学,植物生产类,,987
989,090101,农学,植物生产类,农学,988
990,090102,农学,植物生产类,热带植物,988
991,090103,农学,植物生产类,园艺,988
992,090104,农学,植物生产类,果树,988
993,090105,农学,植物生产类,蔬菜,988
994,090106,农学,植物生产类,观赏园艺,988
995,090107,农学,植物生产类,植物保护,988
996,090108,农学,植物生产类,土壤与农业化学,988
997,090109,农学,植物生产类,药用植物,988
998,090110,农学,植物生产类,茶学,988
999,090111,农学,植物生产类,草学,988
1000,090112,农学,植物生产类,烟草,988
1001,090151,农学,植物生产类,种子,988
1002,090152,农学,植物生产类,竹学,988
1003,090199,农学,植物生产类,植物生产类其他专业,988
1004,0902,农学,森林资源学,,987
1005,090201,农学,森林资源学,林学,1004
1006,090202,农学,森林资源学,森林保护,1004
1007,090203,农学,森林资源学,经济林,1004
1008,090204,农学,森林资源学,野生植物资源开发与利用,1004
1009,090205,农学,森林资源学,野生动物保护与利用,1004
1010,090206,农学,森林资源学,森林旅游,1004
1011,090251,农学,森林资源学,橡胶,1004
1012,090252,农学,森林资源学,林政资源管理,1004
1013,090299,农学,森林资源学,森林资源类其他专业,1004
1014,0903,农学,环境保护类,,987
1015,090301,农学,环境保护类,园林,1014
1016,090302,农学,环境保护类,风景园林,1014
1017,090303,农学,环境保护类,水土保持,1014
1018,090304,农学,环境保护类,沙漠治理,1014
1019,090305,农学,环境保护类,农业环境保护,1014
1020,090399,农学,环境保护类,环境保护类其他专业,1014
1021,0904,农学,动物生产与兽医类,,987
1022,090401,农学,动物生产与兽医类,畜牧兽医,1021
1023,090402,农学,动物生产与兽医类,畜牧,1021
1024,090403,农学,动物生产与兽医类,实验动物,1021
1025,090404,农学,动物生产与兽医类,蚕学,1021
1026,090405,农学,动物生产与兽医类,蜂学,1021
1027,090406,农学,动物生产与兽医类,动物营养与饲料加工,1021
1028,090407,农学,动物生产与兽医类,兽医,1021
1029,090408,农学,动物生产与兽医类,中兽医,1021
1030,090409,农学,动物生产与兽医类,动物药学,1021
1031,090451,农学,动物生产与兽医类,动物医学,1021
1032,090452,农学,动物生产与兽医类,特种经济动物养殖,1021
1033,090453,农学,动物生产与兽医类,养禽与禽病防治,1021
1034,090454,农学,动物生产与兽医类,动物卫生检验,1021
1035,090455,农学,动物生产与兽医类,动植物检疫,1021
1036,090499,农学,动物生产与兽医类,动物生产与兽医类其他专业,1021
1037,0905,农学,水产类,,987
1038,090501,农学,水产类,淡水渔业,1037
1039,090502,农学,水产类,海水养殖,1037
1040,090503,农学,水产类,海洋渔业,1037
1041,090551,农学,水产类,特种水产养殖,1037
1042,090552,农学,水产类,水产养殖与病害防治,1037
1043,090553,农学,水产类,海洋捕捞,1037
1044,090554,农学,水产类,水域环境保护,1037
1045,090599,农学,水产类,水产类其他专业,1037
1046,0906,农学,管理类,,987
1047,090601,农学,管理类,农业经济管理,1046
1048,090602,农学,管理类,林业经济管理,1046
1049,090603,农学,管理类,渔业经济管理,1046
1050,090604,农学,管理类,渔业资源与渔政管理,1046
1051,090605,农学,管理类,自然保护区资源管理,1046
1052,090606,农学,管理类,林业信息管理,1046
1053,090651,农学,管理类,乡镇企业管理,1046
1054,090652,农学,管理类,多种经营,1046
1055,090699,农学,管理类,管理类其他专业,1046
1056,0907,农学,农业推广类,,987
1057,090701,农学,农业推广类,农业推广,1056
1058,090799,农学,农业推广类,农业推广类其他专业,1056
1059,10,医学,,,
1060,1001,医学,基础医学类,,1059
1061,100101,医学,基础医学类,基础医学,1060
1062,100199,医学,基础医学类,基础医学类其他专业,1060
1063,1002,医学,预防医学类,,1059
1064,100201,医学,预防医学类,预防医学,1063
1065,100202,医学,预防医学类,环境医学,1063
1066,100203,医学,预防医学类,卫生检验,1063
1067,100204,医学,预防医学类,营养与食品卫生,1063
1068,100205,医学,预防医学类,妇幼卫生,1063
1069,100251,医学,预防医学类,医学营养,1063
1070,100299,医学,预防医学类,预防医学类其他专业,1063
1071,1003,医学,临床医学与预防医学类,,1059
1072,100301,医学,临床医学与预防医学类,临床医学,1071
1073,100302,医学,临床医学与预防医学类,儿科医学,1071
1074,100303,医学,临床医学与预防医学类,精神病学与精神卫生,1071
1075,100304,医学,临床医学与预防医学类,放射医学,1071
1076,100305,医学,临床医学与预防医学类,医学影像学,1071
1077,100306,医学,临床医学与预防医学类,医学检验,1071
1078,100307,医学,临床医学与预防医学类,医学营养学,1071
1079,100308,医学,临床医学与预防医学类,麻醉学,1071
1080,100351,医学,临床医学与预防医学类,学校医学,1071
1081,100352,医学,临床医学与预防医学类,计划生育医学,1071
1082,100353,医学,临床医学与预防医学类,医学影像,1071
1083,100354,医学,临床医学与预防医学类,医学实验技术,1071
1084,100355,医学,临床医学与预防医学类,医学工程技术,1071
1085,100399,医学,临床医学与预防医学类,临床医学与医学技术类其他专业,1071
1086,1004,医学,口腔医学类,,1059
1087,100401,医学,口腔医学类,口腔医学,1086
1088,100451,医学,口腔医学类,口腔防治,1086
1089,100452,医学,口腔医学类,口腔修复,1086
1090,100453,医学,口腔医学类,口腔技术工艺,1086
1091,100499,医学,口腔医学类,口腔医学类其他专业,1086
1092,1005,医学,中医学类,,1059
1093,100501,医学,中医学类,中医学,1092
1094,100502,医学,中医学类,中医五官科学,1092
1095,100503,医学,中医学类,中医骨伤科学,1092
1096,100504,医学,中医学类,中医外科学,1092
1097,505,医学,中医学类,中医养生康复学,1092
1098,100506,医学,中医学类,针灸学,1092
1099,100507,医学,中医学类,推拿学,1092
1100,100508,医学,中医学类,中医文献学,1092
1101,100509,医学,中医学类,蒙医学,1092
1102,100510,医学,中医学类,藏医学,1092
1103,100551,医学,中医学类,中医骨伤,1092
1104,100552,医学,中医学类,针灸推拿,1092
1105,100553,医学,中医学类,维医学,1092
1106,100599,医学,中医学类,中医学类其他专业,1092
1107,1006,医学,法医学类,,1059
1108,100601,医学,法医学类,法医学,1107
1109,100699,医学,法医学类,法医学类其他专业,1107
1110,1007,医学,护理学类,,1059
1111,100701,医学,护理学类,护理学,1110
1112,100751,医学,护理学类,中医护理,1110
1113,100799,医学,护理学类,护理学类其他专业,1110
1114,1008,医学,医学类,,1059
1115,100801,医学,医学类,药学,1114
1116,100802,医学,医学类,药物化学,1114
1117,100803,医学,医学类,药物分析,1114
1118,100804,医学,医学类,药理学,1114
1119,100805,医学,医学类,临床医学,1114
1120,100806,医学,医学类,中药学,1114
1121,100807,医学,医学类,中药检定,1114
1122,100808,医学,医学类,中药药理学,1114
1123,100809,医学,医学类,中药资源,1114
1124,100851,医学,医学类,药品检验,1114
1125,100899,医学,医学类,药学类其他专业,1114
1126,1009,医学,管理类,,1059
1127,100901,医学,管理类,卫生事业管理,1126
1128,100999,医学,管理类,管理类其他专业,1126
